1,Ivana,Stokes,9,Progressive
1,Ivana,Stokes,9,Progressive
2,Tatum,Houston,3,USAA
3,Lane,Kane,1,Liberty Mutual
4,Peter,Santana,1,Progressive
5,Nayda,Tyson,7,USAA
6,Wyoming,Scott,7,Liberty Mutual,jk
7,Clio,Snyder,jk,USAA
8,Cooper,Miller,3,Farmers
9,Shaine,Cantu,6,USAA
10,Keith,Stone,3,Progressive
11,Jasper,Hopkins,6,Progressive
12,Ebony,Adams,1,USAA
13,Merrill,Sears,1,Allstate
14,Magee,Leach,5,Liberty Mutual
15,Lester,Gould,8,USAA
16,Kaseem,Frost,2,Liberty Mutual
17,Nissim,Brooks,9,Progressive
18,Ocean,Horn,3,USAA
19,Pascale,Bowen,2,Farmers
20,Howard,Stanley,7,Farmers
21,Devin,Franco,9,Progressive
22,Hollee,Conway,3,Liberty Mutual
23,Sophia,Shelton,6,Farmers
10,Cleo,Strong,7,Progressive
25,Sophia,Ross,2,Progressive
26,Bertha,Dale,5,Allstate
27,Karleigh,Guerra,3,Farmers
28,Bert,Hall,4,Allstate
29,Alexa,Mason,8,Liberty Mutual
30,Vance,Walter,2,Farmers
31,Abel,Robbins,2,Progressive
32,Cairo,Holmes,3,Progressive
33,Rooney,Larsen,3,Allstate
34,Jillian,Wolfe,4,USAA
35,Keely,Roy,9,USAA
36,Todd,Branch,9,Allstate
37,Cameran,Stone,7,Allstate
38,Carolyn,Robertson,2,Liberty Mutual
39,Philip,Carpenter,10,Farmers
40,Brynne,Robles,5,Liberty Mutual
41,Quin,Snider,9,Allstate
42,Cherokee,Finch,3,USAA
43,Peter,Galloway,7,Farmers
44,Brandon,Gillespie,10,Allstate
45,Emmanuel,Walters,3,Allstate
46,Cara,Craft,5,Liberty Mutual
47,Margaret,Arnold,8,Progressive
48,Prescott,Sweeney,10,Farmers
49,Nash,Suarez,8,Liberty Mutual
50,Pearl,Slater,1,Allstate
51,Elizabeth,Rodriquez,3,Farmers
52,Medge,Kerr,4,Allstate
53,Ocean,Vasquez,1,Progressive
54,Elmo,Roy,5,Farmers
55,Donovan,Klein,4,USAA
56,Cynthia,Potts,1,Allstate
57,Quon,Dalton,2,Farmers
58,Alexa,Burke,4,USAA
59,Chanda,English,10,Allstate
60,Maya,Wilkins,5,Progressive
61,Byron,Hobbs,10,Progressive
62,Bert,Herman,1,Progressive
63,Rajah,Terrell,3,Allstate
64,Honorato,Knapp,7,USAA
65,Micah,Pace,3,Farmers
66,Garrison,Velazquez,2,Farmers
67,Dalton,Huffman,8,Liberty Mutual
68,Vielka,Moon,10,Allstate
69,Althea,Cain,7,Allstate
70,Keefe,Peck,4,Farmers
71,Carissa,Hartman,7,Liberty Mutual
72,Leandra,Mullen,8,USAA
73,Raya,Mosley,1,Progressive
74,Duncan,Ford,7,Farmers
75,Elton,Moss,4,Allstate
76,Richard,Graham,7,Farmers
77,Nora,Shepherd,7,Progressive
78,Emerald,Britt,6,Progressive
79,Pandora,Graham,9,Progressive
80,Erich,Johnson,9,Farmers
81,Simone,Livingston,1,Progressive
82,Bell,Flowers,1,Liberty Mutual
83,Henry,Hunter,9,Liberty Mutual
84,Camille,Weiss,8,Allstate
85,Shay,Parsons,9,USAA
86,Gretchen,Goodman,2,Allstate
87,Xandra,Sawyer,2,Farmers
88,Brett,Alford,9,USAA
89,Rooney,Olson,1,Progressive
90,Desirae,Kline,1,Progressive
91,Glenna,Gay,5,Allstate
92,Alfreda,Levine,6,Liberty Mutual
93,Cally,Mcpherson,8,Allstate
94,Drew,Sweeney,3,Liberty Mutual
95,Melissa,Cantu,10,Allstate
96,Morgan,Cobb,10,Allstate
97,Jenna,Sloan,10,Allstate
98,Stella,Johnston,3,Farmers
99,Tanner,Wong,7,Farmers
100,Nathan,Conley,5,Allstate